Adverse Conditions,Uncommon,$ 0.17,Instant,http://bit.ly/1PbaN3q
Akoum Firebird,Mythic Rare,$ 0.81,Creature—Phoenix(3/3),http://bit.ly/1PbaNjI
Akoum Hellkite,Rare,$ 0.27,Creature—Dragon(4/4),http://bit.ly/1PbaNjK
Akoum Stonewaker,Uncommon,$ 0.17,Creature—HumanShaman(2/1),http://bit.ly/1PbaNjQ
Aligned Hedron Network,Rare,$ 0.30,Artifact,http://bit.ly/1PbaOUS
Ally Encampment,Rare,$ 1.04,Land,http://bit.ly/1PbaOUX
Altar's Reap,Common,$ 0.14,Instant,http://bit.ly/1PbaNAj
Angel of Renewal,Uncommon,$ 0.18,Creature—AngelAlly(4/4),http://bit.ly/1PbaNAl
Angelic Captain,Rare,$ 0.27,Creature—AngelAlly(4/3),http://bit.ly/1PbaOV3
Angelic Gift,Common,$ 0.14,Enchantment—Aura,http://bit.ly/1PbaNAr
Anticipate,Common,$ 0.13,Instant,http://bit.ly/1PbaPbr
Bane of Bala Ged,Uncommon,$ 0.24,Creature—Eldrazi(7/5),http://bit.ly/1PbaNQL
Barrage Tyrant,Rare,$ 0.28,Creature—Eldrazi(5/3),http://bit.ly/1PbaPbv
Beastcaller Savant,Rare,$ 0.93,Creature—ElfShamanAlly(1/1),http://bit.ly/1PbaO7e
Belligerent Whiptail,Common,$ 0.14,Creature—Wurm(4/2),http://bit.ly/1PbaPrV
Benthic Infiltrator,Common,$ 0.13,Creature—EldraziDrone(1/4),http://bit.ly/1PbaO7w
Blight Herder,Rare,$ 0.35,Creature—EldraziProcessor(4/5),http://bit.ly/1PbaOnQ
Blighted Cataract,Uncommon,$ 0.20,Land,http://bit.ly/1PbaPIt
Blighted Fen,Uncommon,$ 0.20,Land,http://bit.ly/1PbaPIC
Blighted Gorge,Uncommon,$ 0.19,Land,http://bit.ly/1PbaPYT
Blighted Steppe,Uncommon,$ 0.17,Land,http://bit.ly/1PbaRzY
Blighted Woodland,Uncommon,$ 0.25,Land,http://bit.ly/1PbaRA4
Blisterpod,Common,$ 0.12,Creature—EldraziDrone(1/1),http://bit.ly/1PbaQfp
Bloodbond Vampire,Uncommon,$ 0.16,Creature—VampireShamanAlly(3/3),http://bit.ly/1PbaQfB
Boiling Earth,Common,$ 0.14,Sorcery,http://bit.ly/1PbaQvS
Bone Splinters,Common,$ 0.13,Sorcery,http://bit.ly/1PbaS6Y
Breaker of Armies,Uncommon,$ 0.20,Creature—Eldrazi(10/8),http://bit.ly/1PbaQw7
Brilliant Spectrum,Common,$ 0.14,Sorcery,http://bit.ly/1PbaQMp
Bring to Light,Rare,$ 0.95,Sorcery,http://bit.ly/1PbaSnF
Brood Butcher,Rare,$ 0.25,Creature—EldraziDrone(3/3),http://bit.ly/1PbaQMD
Brood Monitor,Uncommon,$ 0.17,Creature—EldraziDrone(3/3),http://bit.ly/1PbaSE5
Broodhunter Wurm,Common,$ 0.15,Creature—Wurm(4/3),http://bit.ly/1PbaSEj
Brutal Expulsion,Rare,$ 0.40,Instant,http://bit.ly/1PbaR2Z
Call the Scions,Common,$ 0.14,Sorcery,http://bit.ly/1PbaTbh
Canopy Vista,Rare,$ 4.15,Land—ForestPlains,http://bit.ly/1PbaTrz
Carrier Thrall,Uncommon,$ 0.19,Creature—Vampire(2/1),http://bit.ly/1PbaTrF
Catacomb Sifter,Uncommon,$ 0.23,Creature—EldraziDrone(2/3),http://bit.ly/1PbaTrQ
Chasm Guide,Uncommon,$ 0.15,Creature—GoblinScoutAlly(3/2),http://bit.ly/1PbaUfn
Cinder Glade,Rare,$ 4.10,Land—MountainForest,http://bit.ly/1PbaUvD
Cliffside Lookout,Common,$ 0.13,Creature—KorScoutAlly(1/1),http://bit.ly/1PbaUvF
Cloud Manta,Common,$ 0.14,Creature—Fish(3/2),http://bit.ly/1PbaTYA
Clutch of Currents,Common,$ 0.12,Sorcery,http://bit.ly/1PbaTYI
Coastal Discovery,Uncommon,$ 0.17,Sorcery,http://bit.ly/1PbaTYK
Complete Disregard,Common,$ 0.15,Instant,http://bit.ly/1PbaUMh
Conduit of Ruin,Rare,$ 0.66,Creature—Eldrazi(5/5),http://bit.ly/1PbaTYT
Coralhelm Guide,Common,$ 0.14,Creature—MerfolkScoutAlly(2/1),http://bit.ly/1PbaWUl
Courier Griffin,Common,$ 0.15,Creature—Griffin(2/3),http://bit.ly/1PbaV2L
Crumble to Dust,Uncommon,$ 0.30,Sorcery,http://bit.ly/1PbaV2T
Cryptic Cruiser,Uncommon,$ 0.18,Creature—EldraziProcessor(3/3),http://bit.ly/1PbaVjd
Culling Drone,Common,$ 0.14,Creature—EldraziDrone(2/2),http://bit.ly/1PbaVjj
Dampening Pulse,Uncommon,$ 0.18,Enchantment,http://bit.ly/1PbaXrz
Deathless Behemoth,Uncommon,$ 0.20,Creature—Eldrazi(6/6),http://bit.ly/1PbaVzO
Defiant Bloodlord,Rare,$ 0.29,Creature—Vampire(4/5),http://bit.ly/1PbaVzS
Demon's Grasp,Common,$ 0.14,Sorcery,http://bit.ly/1PbaXI7
Desolation Twin,Rare,$ 0.44,Creature—Eldrazi(10/10),http://bit.ly/1PbaVQp
Dispel,Common,$ 0.15,Instant,http://bit.ly/1PbaYeS
Dominator Drone,Common,$ 0.11,Creature—EldraziDrone(3/2),http://bit.ly/1PbaYeW
Dragonmaster Outcast,Mythic Rare,$ 4.70,Creature—HumanShaman(1/1),http://bit.ly/1PbaWne
"Drana, Liberator of Malakir",Mythic Rare,$ 7.25,LegendaryCreature—VampireAlly(2/3),http://bit.ly/1PbaWnk
Drana's Emissary,Uncommon,$ 0.24,Creature—VampireClericAlly(2/2),http://bit.ly/1PbaYvw
Drowner of Hope,Rare,$ 0.28,Creature—Eldrazi(5/5),http://bit.ly/1PbaZ2p
Dust Stalker,Rare,$ 0.29,Creature—Eldrazi(5/3),http://bit.ly/1PbaZzu
Dutiful Return,Common,$ 0.14,Sorcery,http://bit.ly/1PbaZ2D
Earthen Arms,Common,$ 0.14,Sorcery,http://bit.ly/1PbaZPX
Eldrazi Devastator,Common,$ 0.12,Creature—Eldrazi(8/9),http://bit.ly/1PbaZj7
Eldrazi Skyspawner,Common,$ 0.13,Creature—EldraziDrone(2/1),http://bit.ly/1Pbb2eG
Emeria Shepherd,Rare,$ 0.41,Creature—Angel(4/4),http://bit.ly/1Pbb2v7
Encircling Fissure,Uncommon,$ 0.15,Instant,http://bit.ly/1Pbb2vf
Endless One,Rare,$ 0.71,Creature—Eldrazi(0/0),http://bit.ly/1Pbb2vp
Evolving Wilds,Common,$ 0.13,Land,http://bit.ly/1Pbb2LL
Exert Influence,Rare,$ 0.36,Sorcery,http://bit.ly/1Pbb2LT
Expedition Envoy,Uncommon,$ 0.21,Creature—HumanScoutAlly(2/1),http://bit.ly/1Pbb32f
Eyeless Watcher,Common,$ 0.14,Creature—EldraziDrone(1/1),http://bit.ly/1Pbb0DE
Fathom Feeder,Rare,$ 0.64,Creature—EldraziDrone(1/1),http://bit.ly/1Pbb32p
Felidar Cub,Common,$ 0.14,Creature—CatBeast(2/2),http://bit.ly/1Pbb0DN
Felidar Sovereign,Rare,$ 0.49,Creature—CatBeast(4/6),http://bit.ly/1Pbb0Ub
Fertile Thicket,Common,$ 0.12,Land,http://bit.ly/1Pbb0Uh
Firemantle Mage,Uncommon,$ 0.15,Creature—HumanShamanAlly(2/2),http://bit.ly/1Pbb1aE
Forerunner of Slaughter,Uncommon,$ 0.19,Creature—EldraziDrone(3/2),http://bit.ly/1Pbb1aL
Forest,Land,N/A,BasicLand—Forest,http://bit.ly/1Pbb3zq
Fortified Rampart,Common,$ 0.14,Creature—Wall(0/6),http://bit.ly/1Pbb1rb
From Beyond,Rare,$ 1.18,Enchantment,http://bit.ly/1Pbb3PG
Geyserfield Stalker,Common,$ 0.15,Creature—Elemental(3/2),http://bit.ly/1Pbb1rj
Ghostly Sentinel,Common,$ 0.15,Creature—KorSpirit(3/3),http://bit.ly/1Pbb1HD
Giant Mantis,Common,$ 0.14,Creature—Insect(2/4),http://bit.ly/1Pbb3PY
"Gideon, Ally of Zendikar",Mythic Rare,$ 25.27,Planeswalker—Gideon(4),http://bit.ly/1Pbb46d
Gideon's Reproach,Common,$ 0.12,Instant,http://bit.ly/1Pbb1Y5
Goblin War Paint,Common,$ 0.14,Enchantment—Aura,http://bit.ly/1Pbb1Yb
Grave Birthing,Common,$ 0.14,Instant,http://bit.ly/1Pbb46t
Greenwarden of Murasa,Mythic Rare,$ 1.75,Creature—Elemental(5/4),http://bit.ly/1Pbb4mI
Grip of Desolation,Uncommon,$ 0.17,Instant,http://bit.ly/1Pbb4mK
Grove Rumbler,Uncommon,$ 0.17,Creature—Elemental(3/3),http://bit.ly/1Pbb4mY
Grovetender Druids,Uncommon,$ 0.18,Creature—ElfDruidAlly(3/3),http://bit.ly/1Pbb4De
Gruesome Slaughter,Rare,$ 0.29,Sorcery,http://bit.ly/1Pbb4Dh
Guardian of Tazeem,Rare,$ 0.26,Creature—Sphinx(4/5),http://bit.ly/1Pbb5ak
Guul Draz Overseer,Rare,$ 0.26,Creature—Vampire(3/4),http://bit.ly/1Pbb4Do
Hagra Sharpshooter,Uncommon,$ 0.18,Creature—HumanAssassinAlly(2/2),http://bit.ly/1Pbb4Dw
Halimar Tidecaller,Uncommon,$ 0.17,Creature—HumanWizardAlly(2/3),http://bit.ly/1Pbb7yZ
Hedron Archive,Uncommon,$ 0.32,Artifact,http://bit.ly/1Pbb5qQ
Hedron Blade,Common,$ 0.14,Artifact—Equipment,http://bit.ly/1Pbb7za
